frame,time_s,detected,px_x,px_y,pool_x_m,pool_y_m,speed_mps,orange_area_px2,cluster_contours,num_orange_candidates
0,0.0,False,nan,nan,nan,nan,nan,0.0,0,3
1,0.03336019743751313,False,nan,nan,nan,nan,nan,0.0,0,1
2,0.06672039487502626,False,nan,nan,nan,nan,nan,0.0,0,3
3,0.1000805923125394,False,nan,nan,nan,nan,nan,0.0,0,2
4,0.13344078975005252,False,nan,nan,nan,nan,nan,0.0,0,2
5,0.16680098718756564,False,nan,nan,nan,nan,nan,0.0,0,2
6,0.2001611846250788,False,nan,nan,nan,nan,nan,0.0,0,3
7,0.2335213820625919,False,nan,nan,nan,nan,nan,0.0,0,3
8,0.26688157950010505,False,nan,nan,nan,nan,nan,0.0,0,2
9,0.30024177693761817,False,nan,nan,nan,nan,nan,0.0,0,3
10,0.3336019743751313,False,nan,nan,nan,nan,nan,0.0,0,3
11,0.3669621718126444,False,nan,nan,nan,nan,nan,0.0,0,4
12,0.4003223692501576,False,nan,nan,nan,nan,nan,0.0,0,3
13,0.4336825666876707,False,nan,nan,nan,nan,nan,0.0,0,3
14,0.4670427641251838,False,nan,nan,nan,nan,nan,0.0,0,4
15,0.5004029615626969,False,nan,nan,nan,nan,nan,0.0,0,2
16,0.5337631590002101,False,nan,nan,nan,nan,nan,0.0,0,1
17,0.5671233564377232,False,nan,nan,nan,nan,nan,0.0,0,2
18,0.6004835538752363,False,nan,nan,nan,nan,nan,0.0,0,3
19,0.6338437513127495,False,nan,nan,nan,nan,nan,0.0,0,2
20,0.6672039487502626,False,nan,nan,nan,nan,nan,0.0,0,3
21,0.7005641461877757,False,nan,nan,nan,nan,nan,0.0,0,3
22,0.7339243436252888,False,nan,nan,nan,nan,nan,0.0,0,3
23,0.767284541062802,False,nan,nan,nan,nan,nan,0.0,0,2
24,0.8006447385003151,False,nan,nan,nan,nan,nan,0.0,0,2
25,0.8340049359378282,False,nan,nan,nan,nan,nan,0.0,0,2
26,0.8673651333753414,False,nan,nan,nan,nan,nan,0.0,0,4
27,0.9007253308128544,False,nan,nan,nan,nan,nan,0.0,0,3
28,0.9340855282503676,False,nan,nan,nan,nan,nan,0.0,0,3
29,0.9674457256878808,False,nan,nan,nan,nan,nan,0.0,0,2
30,1.0008059231253938,False,nan,nan,nan,nan,nan,0.0,0,1
31,1.034166120562907,False,nan,nan,nan,nan,nan,0.0,0,1
32,1.0675263180004202,False,nan,nan,nan,nan,nan,0.0,0,1
33,1.1008865154379333,False,nan,nan,nan,nan,nan,0.0,0,2
34,1.1342467128754463,False,nan,nan,nan,nan,nan,0.0,0,3
35,1.1676069103129596,False,nan,nan,nan,nan,nan,0.0,0,3
36,1.2009671077504727,False,nan,nan,nan,nan,nan,0.0,0,3
37,1.2343273051879857,False,nan,nan,nan,nan,nan,0.0,0,2
38,1.267687502625499,False,nan,nan,nan,nan,nan,0.0,0,2
39,1.301047700063012,False,nan,nan,nan,nan,nan,0.0,0,2
40,1.3344078975005251,False,nan,nan,nan,nan,nan,0.0,0,2
41,1.3677680949380382,False,nan,nan,nan,nan,nan,0.0,0,3
42,1.4011282923755515,False,nan,nan,nan,nan,nan,0.0,0,2
43,1.4344884898130645,False,nan,nan,nan,nan,nan,0.0,0,3
44,1.4678486872505776,False,nan,nan,nan,nan,nan,0.0,0,4
45,1.5012088846880909,False,nan,nan,nan,nan,nan,0.0,0,2
46,1.534569082125604,False,nan,nan,nan,nan,nan,0.0,0,3
47,1.567929279563117,False,nan,nan,nan,nan,nan,0.0,0,2
48,1.6012894770006303,False,nan,nan,nan,nan,nan,0.0,0,2
49,1.6346496744381434,False,nan,nan,nan,nan,nan,0.0,0,2
50,1.6680098718756564,False,nan,nan,nan,nan,nan,0.0,0,2
51,1.7013700693131695,False,nan,nan,nan,nan,nan,0.0,0,2
52,1.7347302667506828,False,nan,nan,nan,nan,nan,0.0,0,1
53,1.7680904641881958,False,nan,nan,nan,nan,nan,0.0,0,2
54,1.8014506616257089,False,nan,nan,nan,nan,nan,0.0,0,2
55,1.8348108590632222,False,nan,nan,nan,nan,nan,0.0,0,3
56,1.8681710565007352,False,nan,nan,nan,nan,nan,0.0,0,3
57,1.9015312539382483,False,nan,nan,nan,nan,nan,0.0,0,3
58,1.9348914513757616,False,nan,nan,nan,nan,nan,0.0,0,3
59,1.9682516488132746,False,nan,nan,nan,nan,nan,0.0,0,5
60,2.0016118462507877,False,nan,nan,nan,nan,nan,0.0,0,4
61,2.0349720436883008,False,nan,nan,nan,nan,nan,0.0,0,4
62,2.068332241125814,False,nan,nan,nan,nan,nan,0.0,0,5
63,2.1016924385633273,False,nan,nan,nan,nan,nan,0.0,0,4
64,2.1350526360008404,False,nan,nan,nan,nan,nan,0.0,0,3
65,2.1684128334383534,False,nan,nan,nan,nan,nan,0.0,0,4
66,2.2017730308758665,False,nan,nan,nan,nan,nan,0.0,0,4
67,2.2351332283133796,False,nan,nan,nan,nan,nan,0.0,0,2
68,2.2684934257508926,False,nan,nan,nan,nan,nan,0.0,0,2
69,2.3018536231884057,False,nan,nan,nan,nan,nan,0.0,0,3
70,2.335213820625919,False,nan,nan,nan,nan,nan,0.0,0,2
71,2.3685740180634323,False,nan,nan,nan,nan,nan,0.0,0,3
72,2.4019342155009453,False,nan,nan,nan,nan,nan,0.0,0,3
73,2.4352944129384584,False,nan,nan,nan,nan,nan,0.0,0,3
74,2.4686546103759714,False,nan,nan,nan,nan,nan,0.0,0,3
75,2.5020148078134845,False,nan,nan,nan,nan,nan,0.0,0,2
76,2.535375005250998,False,nan,nan,nan,nan,nan,0.0,0,2
77,2.568735202688511,False,nan,nan,nan,nan,nan,0.0,0,2
78,2.602095400126024,False,nan,nan,nan,nan,nan,0.0,0,3
79,2.635455597563537,False,nan,nan,nan,nan,nan,0.0,0,4
80,2.6688157950010503,False,nan,nan,nan,nan,nan,0.0,0,3
81,2.7021759924385633,False,nan,nan,nan,nan,nan,0.0,0,3
82,2.7355361898760764,False,nan,nan,nan,nan,nan,0.0,0,2
83,2.76889638731359,False,nan,nan,nan,nan,nan,0.0,0,2
84,2.802256584751103,False,nan,nan,nan,nan,nan,0.0,0,3
85,2.835616782188616,False,nan,nan,nan,nan,nan,0.0,0,3
86,2.868976979626129,False,nan,nan,nan,nan,nan,0.0,0,4
87,2.902337177063642,False,nan,nan,nan,nan,nan,0.0,0,4
88,2.935697374501155,False,nan,nan,nan,nan,nan,0.0,0,3
89,2.9690575719386687,False,nan,nan,nan,nan,nan,0.0,0,2
90,3.0024177693761818,False,nan,nan,nan,nan,nan,0.0,0,3
91,3.035777966813695,False,nan,nan,nan,nan,nan,0.0,0,3
92,3.069138164251208,False,nan,nan,nan,nan,nan,0.0,0,4
93,3.102498361688721,False,nan,nan,nan,nan,nan,0.0,0,3
94,3.135858559126234,False,nan,nan,nan,nan,nan,0.0,0,4
95,3.169218756563747,False,nan,nan,nan,nan,nan,0.0,0,3
96,3.2025789540012606,False,nan,nan,nan,nan,nan,0.0,0,4
97,3.2359391514387736,False,nan,nan,nan,nan,nan,0.0,0,3
98,3.2692993488762867,False,nan,nan,nan,nan,nan,0.0,0,4
99,3.3026595463137998,False,nan,nan,nan,nan,nan,0.0,0,4
100,3.336019743751313,False,nan,nan,nan,nan,nan,0.0,0,4
101,3.369379941188826,False,nan,nan,nan,nan,nan,0.0,0,3
102,3.402740138626339,False,nan,nan,nan,nan,nan,0.0,0,4
103,3.4361003360638525,False,nan,nan,nan,nan,nan,0.0,0,3
104,3.4694605335013655,False,nan,nan,nan,nan,nan,0.0,0,3
105,3.5028207309388786,False,nan,nan,nan,nan,nan,0.0,0,2
106,3.5361809283763916,False,nan,nan,nan,nan,nan,0.0,0,4
107,3.5695411258139047,False,nan,nan,nan,nan,nan,0.0,0,4
108,3.6029013232514178,False,nan,nan,nan,nan,nan,0.0,0,4
109,3.6362615206889313,False,nan,nan,nan,nan,nan,0.0,0,4
110,3.6696217181264443,False,nan,nan,nan,nan,nan,0.0,0,2
111,3.7029819155639574,False,nan,nan,nan,nan,nan,0.0,0,4
112,3.7363421130014705,False,nan,nan,nan,nan,nan,0.0,0,3
113,3.7697023104389835,False,nan,nan,nan,nan,nan,0.0,0,3
114,3.8030625078764966,False,nan,nan,nan,nan,nan,0.0,0,1
115,3.8364227053140096,False,nan,nan,nan,nan,nan,0.0,0,3
116,3.869782902751523,False,nan,nan,nan,nan,nan,0.0,0,3
117,3.903143100189036,False,nan,nan,nan,nan,nan,0.0,0,3
118,3.9365032976265493,False,nan,nan,nan,nan,nan,0.0,0,3
119,3.9698634950640623,False,nan,nan,nan,nan,nan,0.0,0,2
120,4.003223692501575,False,nan,nan,nan,nan,nan,0.0,0,2
121,4.036583889939089,False,nan,nan,nan,nan,nan,0.0,0,3
122,4.0699440873766015,False,nan,nan,nan,nan,nan,0.0,0,3
123,4.103304284814115,False,nan,nan,nan,nan,nan,0.0,0,3
124,4.136664482251628,False,nan,nan,nan,nan,nan,0.0,0,4
125,4.170024679689141,False,nan,nan,nan,nan,nan,0.0,0,4
126,4.203384877126655,False,nan,nan,nan,nan,nan,0.0,0,3
127,4.236745074564167,False,nan,nan,nan,nan,nan,0.0,0,3
128,4.270105272001681,False,nan,nan,nan,nan,nan,0.0,0,4
129,4.303465469439193,False,nan,nan,nan,nan,nan,0.0,0,4
130,4.336825666876707,False,nan,nan,nan,nan,nan,0.0,0,3
131,4.3701858643142195,False,nan,nan,nan,nan,nan,0.0,0,4
132,4.403546061751733,False,nan,nan,nan,nan,nan,0.0,0,4
133,4.4369062591892465,False,nan,nan,nan,nan,nan,0.0,0,2
134,4.470266456626759,False,nan,nan,nan,nan,nan,0.0,0,4
135,4.503626654064273,False,nan,nan,nan,nan,nan,0.0,0,3
136,4.536986851501785,False,nan,nan,nan,nan,nan,0.0,0,3
137,4.570347048939299,False,nan,nan,nan,nan,nan,0.0,0,4
138,4.603707246376811,False,nan,nan,nan,nan,nan,0.0,0,3
139,4.637067443814325,False,nan,nan,nan,nan,nan,0.0,0,3
140,4.670427641251838,False,nan,nan,nan,nan,nan,0.0,0,4
141,4.703787838689351,False,nan,nan,nan,nan,nan,0.0,0,4
142,4.7371480361268645,False,nan,nan,nan,nan,nan,0.0,0,4
143,4.770508233564377,False,nan,nan,nan,nan,nan,0.0,0,4
144,4.803868431001891,False,nan,nan,nan,nan,nan,0.0,0,4
145,4.837228628439404,False,nan,nan,nan,nan,nan,0.0,0,4
146,4.870588825876917,False,nan,nan,nan,nan,nan,0.0,0,3
147,4.90394902331443,False,nan,nan,nan,nan,nan,0.0,0,4
148,4.937309220751943,False,nan,nan,nan,nan,nan,0.0,0,4
149,4.970669418189456,False,nan,nan,nan,nan,nan,0.0,0,4
150,5.004029615626969,False,nan,nan,nan,nan,nan,0.0,0,4
151,5.0373898130644825,False,nan,nan,nan,nan,nan,0.0,0,3
152,5.070750010501996,False,nan,nan,nan,nan,nan,0.0,0,4
153,5.104110207939509,False,nan,nan,nan,nan,nan,0.0,0,2
154,5.137470405377022,False,nan,nan,nan,nan,nan,0.0,0,3
155,5.170830602814535,False,nan,nan,nan,nan,nan,0.0,0,3
156,5.204190800252048,False,nan,nan,nan,nan,nan,0.0,0,2
157,5.237550997689561,False,nan,nan,nan,nan,nan,0.0,0,3
158,5.270911195127074,False,nan,nan,nan,nan,nan,0.0,0,3
159,5.304271392564588,False,nan,nan,nan,nan,nan,0.0,0,3
160,5.3376315900021005,False,nan,nan,nan,nan,nan,0.0,0,2
161,5.370991787439614,False,nan,nan,nan,nan,nan,0.0,0,4
162,5.404351984877127,False,nan,nan,nan,nan,nan,0.0,0,4
163,5.43771218231464,False,nan,nan,nan,nan,nan,0.0,0,1
164,5.471072379752153,False,nan,nan,nan,nan,nan,0.0,0,2
165,5.504432577189666,False,nan,nan,nan,nan,nan,0.0,0,3
166,5.53779277462718,False,nan,nan,nan,nan,nan,0.0,0,2
167,5.571152972064692,False,nan,nan,nan,nan,nan,0.0,0,2
168,5.604513169502206,False,nan,nan,nan,nan,nan,0.0,0,3
169,5.6378733669397185,False,nan,nan,nan,nan,nan,0.0,0,2
170,5.671233564377232,False,nan,nan,nan,nan,nan,0.0,0,3
171,5.704593761814745,False,nan,nan,nan,nan,nan,0.0,0,3
172,5.737953959252258,False,nan,nan,nan,nan,nan,0.0,0,2
173,5.771314156689772,False,nan,nan,nan,nan,nan,0.0,0,2
174,5.804674354127284,False,nan,nan,nan,nan,nan,0.0,0,1
175,5.838034551564798,False,nan,nan,nan,nan,nan,0.0,0,3
176,5.87139474900231,False,nan,nan,nan,nan,nan,0.0,0,2
177,5.904754946439824,False,nan,nan,nan,nan,nan,0.0,0,1
178,5.938115143877337,False,nan,nan,nan,nan,nan,0.0,0,3
179,5.97147534131485,False,nan,nan,nan,nan,nan,0.0,0,2
180,6.0048355387523635,False,nan,nan,nan,nan,nan,0.0,0,1
181,6.038195736189876,False,nan,nan,nan,nan,nan,0.0,0,2
182,6.07155593362739,False,nan,nan,nan,nan,nan,0.0,0,1
183,6.104916131064902,False,nan,nan,nan,nan,nan,0.0,0,2
184,6.138276328502416,False,nan,nan,nan,nan,nan,0.0,0,2
185,6.171636525939929,False,nan,nan,nan,nan,nan,0.0,0,3
186,6.204996723377442,False,nan,nan,nan,nan,nan,0.0,0,3
187,6.238356920814955,False,nan,nan,nan,nan,nan,0.0,0,3
188,6.271717118252468,False,nan,nan,nan,nan,nan,0.0,0,2
189,6.3050773156899815,False,nan,nan,nan,nan,nan,0.0,0,2
190,6.338437513127494,False,nan,nan,nan,nan,nan,0.0,0,3
191,6.371797710565008,False,nan,nan,nan,nan,nan,0.0,0,2
192,6.405157908002521,False,nan,nan,nan,nan,nan,0.0,0,4
193,6.438518105440034,False,nan,nan,nan,nan,nan,0.0,0,3
194,6.471878302877547,False,nan,nan,nan,nan,nan,0.0,0,2
195,6.50523850031506,False,nan,nan,nan,nan,nan,0.0,0,2
196,6.538598697752573,False,nan,nan,nan,nan,nan,0.0,0,2
197,6.571958895190086,False,nan,nan,nan,nan,nan,0.0,0,2
198,6.6053190926275995,False,nan,nan,nan,nan,nan,0.0,0,2
199,6.638679290065113,False,nan,nan,nan,nan,nan,0.0,0,2
200,6.672039487502626,False,nan,nan,nan,nan,nan,0.0,0,2
201,6.705399684940139,False,nan,nan,nan,nan,nan,0.0,0,3
202,6.738759882377652,False,nan,nan,nan,nan,nan,0.0,0,4
203,6.772120079815165,False,nan,nan,nan,nan,nan,0.0,0,4
204,6.805480277252678,False,nan,nan,nan,nan,nan,0.0,0,3
205,6.838840474690191,False,nan,nan,nan,nan,nan,0.0,0,2
206,6.872200672127705,False,nan,nan,nan,nan,nan,0.0,0,2
207,6.9055608695652175,False,nan,nan,nan,nan,nan,0.0,0,1
208,6.938921067002731,False,nan,nan,nan,nan,nan,0.0,0,1
209,6.972281264440244,False,nan,nan,nan,nan,nan,0.0,0,3
210,7.005641461877757,False,nan,nan,nan,nan,nan,0.0,0,3
211,7.039001659315271,False,nan,nan,nan,nan,nan,0.0,0,1
212,7.072361856752783,False,nan,nan,nan,nan,nan,0.0,0,2
213,7.105722054190297,False,nan,nan,nan,nan,nan,0.0,0,3
214,7.139082251627809,False,nan,nan,nan,nan,nan,0.0,0,4
215,7.172442449065323,False,nan,nan,nan,nan,nan,0.0,0,2
216,7.2058026465028355,False,nan,nan,nan,nan,nan,0.0,0,3
217,7.239162843940349,False,nan,nan,nan,nan,nan,0.0,0,2
218,7.2725230413778625,False,nan,nan,nan,nan,nan,0.0,0,4
219,7.305883238815375,False,nan,nan,nan,nan,nan,0.0,0,2
220,7.339243436252889,False,nan,nan,nan,nan,nan,0.0,0,1
221,7.372603633690401,False,nan,nan,nan,nan,nan,0.0,0,2
222,7.405963831127915,False,nan,nan,nan,nan,nan,0.0,0,3
223,7.439324028565427,False,nan,nan,nan,nan,nan,0.0,0,1
224,7.472684226002941,False,nan,nan,nan,nan,nan,0.0,0,1
225,7.506044423440454,False,nan,nan,nan,nan,nan,0.0,0,1
226,7.539404620877967,False,nan,nan,nan,nan,nan,0.0,0,1
227,7.5727648183154805,False,nan,nan,nan,nan,nan,0.0,0,1
228,7.606125015752993,False,nan,nan,nan,nan,nan,0.0,0,1
229,7.639485213190507,False,nan,nan,nan,nan,nan,0.0,0,1
230,7.672845410628019,False,nan,nan,nan,nan,nan,0.0,0,1
231,7.706205608065533,False,nan,nan,nan,nan,nan,0.0,0,1
232,7.739565805503046,False,nan,nan,nan,nan,nan,0.0,0,0
233,7.772926002940559,False,nan,nan,nan,nan,nan,0.0,0,0
234,7.806286200378072,False,nan,nan,nan,nan,nan,0.0,0,0
235,7.839646397815585,False,nan,nan,nan,nan,nan,0.0,0,2
236,7.8730065952530985,False,nan,nan,nan,nan,nan,0.0,0,3
237,7.906366792690611,False,nan,nan,nan,nan,nan,0.0,0,3
238,7.939726990128125,False,nan,nan,nan,nan,nan,0.0,0,1
239,7.973087187565638,False,nan,nan,nan,nan,nan,0.0,0,0
240,8.00644738500315,False,nan,nan,nan,nan,nan,0.0,0,0
241,8.039807582440664,False,nan,nan,nan,nan,nan,0.0,0,0
242,8.073167779878178,False,nan,nan,nan,nan,nan,0.0,0,0
243,8.10652797731569,False,nan,nan,nan,nan,nan,0.0,0,2
244,8.139888174753203,False,nan,nan,nan,nan,nan,0.0,0,2
245,8.173248372190717,False,nan,nan,nan,nan,nan,0.0,0,2
246,8.20660856962823,False,nan,nan,nan,nan,nan,0.0,0,0
247,8.239968767065744,False,nan,nan,nan,nan,nan,0.0,0,2
248,8.273328964503255,False,nan,nan,nan,nan,nan,0.0,0,2
249,8.306689161940769,False,nan,nan,nan,nan,nan,0.0,0,1
250,8.340049359378282,False,nan,nan,nan,nan,nan,0.0,0,1
251,8.373409556815796,False,nan,nan,nan,nan,nan,0.0,0,1
252,8.40676975425331,False,nan,nan,nan,nan,nan,0.0,0,0
253,8.440129951690821,False,nan,nan,nan,nan,nan,0.0,0,1
254,8.473490149128335,False,nan,nan,nan,nan,nan,0.0,0,1
255,8.506850346565848,False,nan,nan,nan,nan,nan,0.0,0,0
256,8.540210544003362,False,nan,nan,nan,nan,nan,0.0,0,0
257,8.573570741440875,False,nan,nan,nan,nan,nan,0.0,0,0
258,8.606930938878387,False,nan,nan,nan,nan,nan,0.0,0,0
259,8.6402911363159,False,nan,nan,nan,nan,nan,0.0,0,0
260,8.673651333753414,False,nan,nan,nan,nan,nan,0.0,0,1
261,8.707011531190927,False,nan,nan,nan,nan,nan,0.0,0,0
262,8.740371728628439,False,nan,nan,nan,nan,nan,0.0,0,1
263,8.773731926065953,False,nan,nan,nan,nan,nan,0.0,0,0
264,8.807092123503466,False,nan,nan,nan,nan,nan,0.0,0,1
265,8.84045232094098,False,nan,nan,nan,nan,nan,0.0,0,1
266,8.873812518378493,False,nan,nan,nan,nan,nan,0.0,0,0
267,8.907172715816005,False,nan,nan,nan,nan,nan,0.0,0,0
268,8.940532913253518,False,nan,nan,nan,nan,nan,0.0,0,0
269,8.973893110691032,False,nan,nan,nan,nan,nan,0.0,0,0
270,9.007253308128545,False,nan,nan,nan,nan,nan,0.0,0,0
271,9.040613505566059,False,nan,nan,nan,nan,nan,0.0,0,0
272,9.07397370300357,False,nan,nan,nan,nan,nan,0.0,0,0
273,9.107333900441084,False,nan,nan,nan,nan,nan,0.0,0,0
274,9.140694097878598,False,nan,nan,nan,nan,nan,0.0,0,0
275,9.174054295316111,False,nan,nan,nan,nan,nan,0.0,0,0
276,9.207414492753623,False,nan,nan,nan,nan,nan,0.0,0,1
277,9.240774690191136,False,nan,nan,nan,nan,nan,0.0,0,0
278,9.27413488762865,False,nan,nan,nan,nan,nan,0.0,0,1
279,9.307495085066163,False,nan,nan,nan,nan,nan,0.0,0,0
280,9.340855282503677,False,nan,nan,nan,nan,nan,0.0,0,1
281,9.374215479941189,False,nan,nan,nan,nan,nan,0.0,0,1
282,9.407575677378702,False,nan,nan,nan,nan,nan,0.0,0,1
283,9.440935874816216,False,nan,nan,nan,nan,nan,0.0,0,1
284,9.474296072253729,True,364.9791666666667,555.5277777777778,0.9973591566085815,1.7836686372756958,nan,144.0,2,2
285,9.507656269691243,False,nan,nan,nan,nan,nan,0.0,0,2
286,9.541016467128754,False,nan,nan,nan,nan,nan,0.0,0,2
287,9.574376664566268,False,nan,nan,nan,nan,nan,0.0,0,2
288,9.607736862003781,False,nan,nan,nan,nan,nan,0.0,0,3
289,9.641097059441295,False,nan,nan,nan,nan,nan,0.0,0,3
290,9.674457256878808,False,nan,nan,nan,nan,nan,0.0,0,2
291,9.70781745431632,False,nan,nan,nan,nan,nan,0.0,0,2
292,9.741177651753834,False,nan,nan,nan,nan,nan,0.0,0,3
293,9.774537849191347,False,nan,nan,nan,nan,nan,0.0,0,3
294,9.80789804662886,False,nan,nan,nan,nan,nan,0.0,0,2
295,9.841258244066372,False,nan,nan,nan,nan,nan,0.0,0,2
296,9.874618441503886,False,nan,nan,nan,nan,nan,0.0,0,2
297,9.9079786389414,False,nan,nan,nan,nan,nan,0.0,0,2
298,9.941338836378913,False,nan,nan,nan,nan,nan,0.0,0,2
299,9.974699033816426,False,nan,nan,nan,nan,nan,0.0,0,1
300,10.008059231253938,False,nan,nan,nan,nan,nan,0.0,0,2
301,10.041419428691452,False,nan,nan,nan,nan,nan,0.0,0,2
302,10.074779626128965,False,nan,nan,nan,nan,nan,0.0,0,2
303,10.108139823566479,False,nan,nan,nan,nan,nan,0.0,0,2
304,10.141500021003992,False,nan,nan,nan,nan,nan,0.0,0,2
305,10.174860218441504,False,nan,nan,nan,nan,nan,0.0,0,2
306,10.208220415879017,False,nan,nan,nan,nan,nan,0.0,0,1
307,10.24158061331653,False,nan,nan,nan,nan,nan,0.0,0,2
308,10.274940810754044,False,nan,nan,nan,nan,nan,0.0,0,2
309,10.308301008191556,False,nan,nan,nan,nan,nan,0.0,0,2
310,10.34166120562907,False,nan,nan,nan,nan,nan,0.0,0,2
311,10.375021403066583,False,nan,nan,nan,nan,nan,0.0,0,2
312,10.408381600504097,False,nan,nan,nan,nan,nan,0.0,0,2
313,10.44174179794161,False,nan,nan,nan,nan,nan,0.0,0,2
314,10.475101995379122,False,nan,nan,nan,nan,nan,0.0,0,1
315,10.508462192816635,False,nan,nan,nan,nan,nan,0.0,0,1
316,10.541822390254149,False,nan,nan,nan,nan,nan,0.0,0,1
317,10.575182587691662,False,nan,nan,nan,nan,nan,0.0,0,0
318,10.608542785129176,False,nan,nan,nan,nan,nan,0.0,0,0
319,10.641902982566688,False,nan,nan,nan,nan,nan,0.0,0,0
320,10.675263180004201,False,nan,nan,nan,nan,nan,0.0,0,1
321,10.708623377441715,False,nan,nan,nan,nan,nan,0.0,0,2
322,10.741983574879228,False,nan,nan,nan,nan,nan,0.0,0,2
323,10.775343772316742,False,nan,nan,nan,nan,nan,0.0,0,1
324,10.808703969754253,False,nan,nan,nan,nan,nan,0.0,0,1
325,10.842064167191767,False,nan,nan,nan,nan,nan,0.0,0,1
326,10.87542436462928,False,nan,nan,nan,nan,nan,0.0,0,1
327,10.908784562066794,False,nan,nan,nan,nan,nan,0.0,0,1
328,10.942144759504306,False,nan,nan,nan,nan,nan,0.0,0,1
329,10.975504956941819,False,nan,nan,nan,nan,nan,0.0,0,2
330,11.008865154379333,False,nan,nan,nan,nan,nan,0.0,0,1
331,11.042225351816846,False,nan,nan,nan,nan,nan,0.0,0,2
332,11.07558554925436,False,nan,nan,nan,nan,nan,0.0,0,1
333,11.108945746691871,False,nan,nan,nan,nan,nan,0.0,0,0
334,11.142305944129385,False,nan,nan,nan,nan,nan,0.0,0,1
335,11.175666141566898,False,nan,nan,nan,nan,nan,0.0,0,2
336,11.209026339004412,False,nan,nan,nan,nan,nan,0.0,0,2
337,11.242386536441925,False,nan,nan,nan,nan,nan,0.0,0,2
338,11.275746733879437,False,nan,nan,nan,nan,nan,0.0,0,2
339,11.30910693131695,False,nan,nan,nan,nan,nan,0.0,0,2
340,11.342467128754464,False,nan,nan,nan,nan,nan,0.0,0,1
341,11.375827326191978,False,nan,nan,nan,nan,nan,0.0,0,1
342,11.40918752362949,False,nan,nan,nan,nan,nan,0.0,0,0
343,11.442547721067003,False,nan,nan,nan,nan,nan,0.0,0,1
344,11.475907918504516,False,nan,nan,nan,nan,nan,0.0,0,2
345,11.50926811594203,False,nan,nan,nan,nan,nan,0.0,0,1
346,11.542628313379543,False,nan,nan,nan,nan,nan,0.0,0,1
347,11.575988510817055,False,nan,nan,nan,nan,nan,0.0,0,0
348,11.609348708254569,False,nan,nan,nan,nan,nan,0.0,0,0
349,11.642708905692082,False,nan,nan,nan,nan,nan,0.0,0,0
350,11.676069103129596,False,nan,nan,nan,nan,nan,0.0,0,0
351,11.709429300567109,False,nan,nan,nan,nan,nan,0.0,0,0
352,11.74278949800462,False,nan,nan,nan,nan,nan,0.0,0,0
353,11.776149695442134,False,nan,nan,nan,nan,nan,0.0,0,0
354,11.809509892879648,False,nan,nan,nan,nan,nan,0.0,0,0
355,11.842870090317161,False,nan,nan,nan,nan,nan,0.0,0,1
356,11.876230287754675,False,nan,nan,nan,nan,nan,0.0,0,0
357,11.909590485192187,False,nan,nan,nan,nan,nan,0.0,0,1
358,11.9429506826297,False,nan,nan,nan,nan,nan,0.0,0,0
359,11.976310880067214,False,nan,nan,nan,nan,nan,0.0,0,0
360,12.009671077504727,False,nan,nan,nan,nan,nan,0.0,0,0
361,12.043031274942239,False,nan,nan,nan,nan,nan,0.0,0,0
362,12.076391472379752,False,nan,nan,nan,nan,nan,0.0,0,1
363,12.109751669817266,False,nan,nan,nan,nan,nan,0.0,0,0
364,12.14311186725478,False,nan,nan,nan,nan,nan,0.0,0,0
365,12.176472064692293,False,nan,nan,nan,nan,nan,0.0,0,0
366,12.209832262129805,False,nan,nan,nan,nan,nan,0.0,0,0
367,12.243192459567318,False,nan,nan,nan,nan,nan,0.0,0,0
368,12.276552657004832,False,nan,nan,nan,nan,nan,0.0,0,0
369,12.309912854442345,False,nan,nan,nan,nan,nan,0.0,0,0
370,12.343273051879859,False,nan,nan,nan,nan,nan,0.0,0,1
371,12.37663324931737,False,nan,nan,nan,nan,nan,0.0,0,1
372,12.409993446754884,False,nan,nan,nan,nan,nan,0.0,0,0
373,12.443353644192397,False,nan,nan,nan,nan,nan,0.0,0,1
374,12.47671384162991,False,nan,nan,nan,nan,nan,0.0,0,0
375,12.510074039067423,False,nan,nan,nan,nan,nan,0.0,0,0
376,12.543434236504936,False,nan,nan,nan,nan,nan,0.0,0,1
377,12.57679443394245,False,nan,nan,nan,nan,nan,0.0,0,1
378,12.610154631379963,False,nan,nan,nan,nan,nan,0.0,0,1
379,12.643514828817477,False,nan,nan,nan,nan,nan,0.0,0,1
380,12.676875026254988,False,nan,nan,nan,nan,nan,0.0,0,1
381,12.710235223692502,False,nan,nan,nan,nan,nan,0.0,0,1
382,12.743595421130015,False,nan,nan,nan,nan,nan,0.0,0,0
383,12.776955618567529,False,nan,nan,nan,nan,nan,0.0,0,0
384,12.810315816005042,False,nan,nan,nan,nan,nan,0.0,0,0
385,12.843676013442554,False,nan,nan,nan,nan,nan,0.0,0,1
386,12.877036210880068,False,nan,nan,nan,nan,nan,0.0,0,1
387,12.910396408317581,False,nan,nan,nan,nan,nan,0.0,0,0
388,12.943756605755095,False,nan,nan,nan,nan,nan,0.0,0,1
389,12.977116803192608,False,nan,nan,nan,nan,nan,0.0,0,0
390,13.01047700063012,False,nan,nan,nan,nan,nan,0.0,0,0
391,13.043837198067633,False,nan,nan,nan,nan,nan,0.0,0,0
392,13.077197395505147,False,nan,nan,nan,nan,nan,0.0,0,0
393,13.11055759294266,False,nan,nan,nan,nan,nan,0.0,0,0
394,13.143917790380172,False,nan,nan,nan,nan,nan,0.0,0,0
395,13.177277987817686,False,nan,nan,nan,nan,nan,0.0,0,1
396,13.210638185255199,False,nan,nan,nan,nan,nan,0.0,0,0
397,13.243998382692713,False,nan,nan,nan,nan,nan,0.0,0,0
398,13.277358580130226,False,nan,nan,nan,nan,nan,0.0,0,0
399,13.310718777567738,False,nan,nan,nan,nan,nan,0.0,0,0
400,13.344078975005251,False,nan,nan,nan,nan,nan,0.0,0,0
401,13.377439172442765,False,nan,nan,nan,nan,nan,0.0,0,0
402,13.410799369880278,False,nan,nan,nan,nan,nan,0.0,0,0
403,13.444159567317792,False,nan,nan,nan,nan,nan,0.0,0,0
404,13.477519764755304,False,nan,nan,nan,nan,nan,0.0,0,0
405,13.510879962192817,False,nan,nan,nan,nan,nan,0.0,0,0
406,13.54424015963033,False,nan,nan,nan,nan,nan,0.0,0,0
407,13.577600357067844,False,nan,nan,nan,nan,nan,0.0,0,0
408,13.610960554505356,False,nan,nan,nan,nan,nan,0.0,0,0
409,13.64432075194287,False,nan,nan,nan,nan,nan,0.0,0,0
410,13.677680949380383,False,nan,nan,nan,nan,nan,0.0,0,0
411,13.711041146817896,False,nan,nan,nan,nan,nan,0.0,0,1
412,13.74440134425541,False,nan,nan,nan,nan,nan,0.0,0,0
413,13.777761541692922,False,nan,nan,nan,nan,nan,0.0,0,0
414,13.811121739130435,False,nan,nan,nan,nan,nan,0.0,0,0
415,13.844481936567949,False,nan,nan,nan,nan,nan,0.0,0,0
416,13.877842134005462,False,nan,nan,nan,nan,nan,0.0,0,0
417,13.911202331442976,False,nan,nan,nan,nan,nan,0.0,0,0
418,13.944562528880487,False,nan,nan,nan,nan,nan,0.0,0,0
419,13.977922726318,False,nan,nan,nan,nan,nan,0.0,0,0
420,14.011282923755514,False,nan,nan,nan,nan,nan,0.0,0,0
421,14.044643121193028,False,nan,nan,nan,nan,nan,0.0,0,0
422,14.078003318630541,False,nan,nan,nan,nan,nan,0.0,0,0
423,14.111363516068053,False,nan,nan,nan,nan,nan,0.0,0,0
424,14.144723713505567,False,nan,nan,nan,nan,nan,0.0,0,0
425,14.17808391094308,False,nan,nan,nan,nan,nan,0.0,0,0
426,14.211444108380594,False,nan,nan,nan,nan,nan,0.0,0,0
427,14.244804305818105,False,nan,nan,nan,nan,nan,0.0,0,1
428,14.278164503255619,False,nan,nan,nan,nan,nan,0.0,0,1
429,14.311524700693132,False,nan,nan,nan,nan,nan,0.0,0,0
430,14.344884898130646,False,nan,nan,nan,nan,nan,0.0,0,1
431,14.37824509556816,False,nan,nan,nan,nan,nan,0.0,0,1
432,14.411605293005671,False,nan,nan,nan,nan,nan,0.0,0,0
433,14.444965490443185,False,nan,nan,nan,nan,nan,0.0,0,0
434,14.478325687880698,False,nan,nan,nan,nan,nan,0.0,0,1
435,14.511685885318212,False,nan,nan,nan,nan,nan,0.0,0,0
436,14.545046082755725,False,nan,nan,nan,nan,nan,0.0,0,0
437,14.578406280193237,False,nan,nan,nan,nan,nan,0.0,0,0
438,14.61176647763075,False,nan,nan,nan,nan,nan,0.0,0,0
439,14.645126675068264,False,nan,nan,nan,nan,nan,0.0,0,0
440,14.678486872505777,False,nan,nan,nan,nan,nan,0.0,0,0
441,14.711847069943289,False,nan,nan,nan,nan,nan,0.0,0,0
442,14.745207267380803,False,nan,nan,nan,nan,nan,0.0,0,0
443,14.778567464818316,False,nan,nan,nan,nan,nan,0.0,0,0
444,14.81192766225583,False,nan,nan,nan,nan,nan,0.0,0,0
445,14.845287859693343,False,nan,nan,nan,nan,nan,0.0,0,0
446,14.878648057130855,False,nan,nan,nan,nan,nan,0.0,0,0
447,14.912008254568368,False,nan,nan,nan,nan,nan,0.0,0,0
448,14.945368452005882,False,nan,nan,nan,nan,nan,0.0,0,0
449,14.978728649443395,False,nan,nan,nan,nan,nan,0.0,0,0
450,15.012088846880909,False,nan,nan,nan,nan,nan,0.0,0,0
451,15.04544904431842,False,nan,nan,nan,nan,nan,0.0,0,0
452,15.078809241755934,False,nan,nan,nan,nan,nan,0.0,0,0
453,15.112169439193448,False,nan,nan,nan,nan,nan,0.0,0,0
454,15.145529636630961,False,nan,nan,nan,nan,nan,0.0,0,0
455,15.178889834068475,False,nan,nan,nan,nan,nan,0.0,0,0
456,15.212250031505986,False,nan,nan,nan,nan,nan,0.0,0,0
457,15.2456102289435,False,nan,nan,nan,nan,nan,0.0,0,0
458,15.278970426381013,False,nan,nan,nan,nan,nan,0.0,0,0
459,15.312330623818527,False,nan,nan,nan,nan,nan,0.0,0,0
460,15.345690821256039,False,nan,nan,nan,nan,nan,0.0,0,0
461,15.379051018693552,False,nan,nan,nan,nan,nan,0.0,0,0
462,15.412411216131066,False,nan,nan,nan,nan,nan,0.0,0,0
463,15.445771413568579,False,nan,nan,nan,nan,nan,0.0,0,0
464,15.479131611006093,False,nan,nan,nan,nan,nan,0.0,0,0
465,15.512491808443604,False,nan,nan,nan,nan,nan,0.0,0,0
466,15.545852005881118,False,nan,nan,nan,nan,nan,0.0,0,0
467,15.579212203318631,False,nan,nan,nan,nan,nan,0.0,0,0
468,15.612572400756145,False,nan,nan,nan,nan,nan,0.0,0,0
469,15.645932598193658,False,nan,nan,nan,nan,nan,0.0,0,0
470,15.67929279563117,False,nan,nan,nan,nan,nan,0.0,0,0
471,15.712652993068684,False,nan,nan,nan,nan,nan,0.0,0,0
472,15.746013190506197,False,nan,nan,nan,nan,nan,0.0,0,0
473,15.77937338794371,False,nan,nan,nan,nan,nan,0.0,0,0
474,15.812733585381222,False,nan,nan,nan,nan,nan,0.0,0,0
475,15.846093782818736,False,nan,nan,nan,nan,nan,0.0,0,0
476,15.87945398025625,False,nan,nan,nan,nan,nan,0.0,0,0
477,15.912814177693763,False,nan,nan,nan,nan,nan,0.0,0,0
478,15.946174375131276,False,nan,nan,nan,nan,nan,0.0,0,0
479,15.979534572568788,False,nan,nan,nan,nan,nan,0.0,0,0
480,16.0128947700063,False,nan,nan,nan,nan,nan,0.0,0,0
481,16.046254967443815,False,nan,nan,nan,nan,nan,0.0,0,0
482,16.07961516488133,False,nan,nan,nan,nan,nan,0.0,0,1
483,16.112975362318842,False,nan,nan,nan,nan,nan,0.0,0,0
484,16.146335559756356,False,nan,nan,nan,nan,nan,0.0,0,0
485,16.17969575719387,False,nan,nan,nan,nan,nan,0.0,0,0
486,16.21305595463138,False,nan,nan,nan,nan,nan,0.0,0,0
487,16.246416152068893,False,nan,nan,nan,nan,nan,0.0,0,0
488,16.279776349506406,False,nan,nan,nan,nan,nan,0.0,0,0
489,16.31313654694392,False,nan,nan,nan,nan,nan,0.0,0,0
490,16.346496744381433,False,nan,nan,nan,nan,nan,0.0,0,0
491,16.379856941818947,False,nan,nan,nan,nan,nan,0.0,0,0
492,16.41321713925646,False,nan,nan,nan,nan,nan,0.0,0,0
493,16.446577336693974,False,nan,nan,nan,nan,nan,0.0,0,0
494,16.479937534131487,False,nan,nan,nan,nan,nan,0.0,0,0
495,16.513297731569,False,nan,nan,nan,nan,nan,0.0,0,0
496,16.54665792900651,False,nan,nan,nan,nan,nan,0.0,0,0
497,16.580018126444024,False,nan,nan,nan,nan,nan,0.0,0,0
498,16.613378323881538,False,nan,nan,nan,nan,nan,0.0,0,0
499,16.64673852131905,False,nan,nan,nan,nan,nan,0.0,0,0
500,16.680098718756565,False,nan,nan,nan,nan,nan,0.0,0,0
501,16.713458916194078,False,nan,nan,nan,nan,nan,0.0,0,0
502,16.74681911363159,False,nan,nan,nan,nan,nan,0.0,0,0
503,16.780179311069105,False,nan,nan,nan,nan,nan,0.0,0,0
504,16.81353950850662,False,nan,nan,nan,nan,nan,0.0,0,0
505,16.84689970594413,False,nan,nan,nan,nan,nan,0.0,0,0
506,16.880259903381642,False,nan,nan,nan,nan,nan,0.0,0,0
507,16.913620100819156,False,nan,nan,nan,nan,nan,0.0,0,0
508,16.94698029825667,False,nan,nan,nan,nan,nan,0.0,0,0
509,16.980340495694183,False,nan,nan,nan,nan,nan,0.0,0,0
510,17.013700693131696,False,nan,nan,nan,nan,nan,0.0,0,0
511,17.04706089056921,False,nan,nan,nan,nan,nan,0.0,0,0
512,17.080421088006723,False,nan,nan,nan,nan,nan,0.0,0,0
513,17.113781285444237,False,nan,nan,nan,nan,nan,0.0,0,0
514,17.14714148288175,False,nan,nan,nan,nan,nan,0.0,0,0
515,17.18050168031926,False,nan,nan,nan,nan,nan,0.0,0,0
516,17.213861877756774,False,nan,nan,nan,nan,nan,0.0,0,0
517,17.247222075194287,False,nan,nan,nan,nan,nan,0.0,0,0
518,17.2805822726318,False,nan,nan,nan,nan,nan,0.0,0,0
519,17.313942470069314,False,nan,nan,nan,nan,nan,0.0,0,0
520,17.347302667506828,False,nan,nan,nan,nan,nan,0.0,0,0
521,17.38066286494434,False,nan,nan,nan,nan,nan,0.0,0,0
522,17.414023062381855,False,nan,nan,nan,nan,nan,0.0,0,0
523,17.447383259819368,False,nan,nan,nan,nan,nan,0.0,0,0
524,17.480743457256878,False,nan,nan,nan,nan,nan,0.0,0,0
525,17.51410365469439,False,nan,nan,nan,nan,nan,0.0,0,0
526,17.547463852131905,False,nan,nan,nan,nan,nan,0.0,0,0
527,17.58082404956942,False,nan,nan,nan,nan,nan,0.0,0,0
528,17.614184247006932,False,nan,nan,nan,nan,nan,0.0,0,0
